{"sirket":{"id":1,"name":"Test Yazılım A.Ş.","sector":"yazilim","employee_count":20,"location_city":"İstanbul","is_exporter":true,"created_at":"2025-12-09T18:26:22.063934Z","compliance_score":85},"uyum_skoru":85,"stats":{"total_obligations":2,"open_obligations":1,"overdue_obligations":1},"todo":[{"obligation_id":2,"regulation_id":4,"regulation_title":"KOSGEB Dijital Dönüşüm Desteği","due_date":"2025-12-13","risk_level":"low","impact_type":"opsiyonel_tesvik"}],"completed":[{"obligation_id":1,"regulation_id":1,"regulation_title":"KDV Genel Tebliği (Seri No: 42) Değişikliği","due_date":"2025-12-13","risk_level":"high","impact_type":"zorunlu"}]}
